-- Hasła to "password123"
INSERT INTO users (id, email, password, role) VALUES (CAST('11111111-1111-1111-1111-111111111111' AS UUID), 'jan.kowalski@example.com', '$2a$12$jAgEKttEoR3ics73N6ABVeDc8cFOQcdoK69IffWAIZGWO9Aty5KlS', 'USER');
INSERT INTO users (id, email, password, role) VALUES (CAST('22222222-2222-2222-2222-222222222222' AS UUID), 'anna.nowak@example.com', '$2a$12$jAgEKttEoR3ics73N6ABVeDc8cFOQcdoK69IffWAIZGWO9Aty5KlS', 'USER');
INSERT INTO users (id, email, password, role) VALUES (CAST('33333333-3333-3333-3333-333333333333' AS UUID), 'admin@example.com', '$2a$12$jAgEKttEoR3ics73N6ABVeDc8cFOQcdoK69IffWAIZGWO9Aty5KlS', 'ADMIN');

-- Kategorie dla Jana Kowalskiego
INSERT INTO categories (id, name, color, user_id) VALUES (CAST('a1111111-1111-1111-1111-111111111111' AS UUID), 'Praca', '#FF5733', CAST('11111111-1111-1111-1111-111111111111' AS UUID));
INSERT INTO categories (id, name, color, user_id) VALUES (CAST('a1111111-1111-1111-1111-111111111112' AS UUID), 'Dom', '#33FF57', CAST('11111111-1111-1111-1111-111111111111' AS UUID));
INSERT INTO categories (id, name, color, user_id) VALUES (CAST('a1111111-1111-1111-1111-111111111113' AS UUID), 'Hobby', '#3357FF', CAST('11111111-1111-1111-1111-111111111111' AS UUID));

-- Kategorie dla Anny Nowak
INSERT INTO categories (id, name, color, user_id) VALUES (CAST('a2222222-2222-2222-2222-222222222221' AS UUID), 'Zakupy', '#FF33A1', CAST('22222222-2222-2222-2222-222222222222' AS UUID));
INSERT INTO categories (id, name, color, user_id) VALUES (CAST('a2222222-2222-2222-2222-222222222222' AS UUID), 'Nauka', '#FFA533', CAST('22222222-2222-2222-2222-222222222222' AS UUID));
INSERT INTO categories (id, name, color, user_id) VALUES (CAST('a2222222-2222-2222-2222-222222222223' AS UUID), 'Sport', '#33FFF5', CAST('22222222-2222-2222-2222-222222222222' AS UUID));

-- 20 tasków dla Jana Kowalskiego
INSERT INTO tasks (id, title, description, status, due_date, category_id, user_id, created_at, updated_at) VALUES (CAST('b1111111-1111-1111-1111-111111111111' AS UUID), 'Przygotować prezentację', 'Prezentacja na spotkanie z klientem', 'TODO', TIMESTAMP '2025-12-15 10:00:00', CAST('a1111111-1111-1111-1111-111111111111' AS UUID), CAST('11111111-1111-1111-1111-111111111111' AS UUID), CURRENT_TIMESTAMP, CURRENT_TIMESTAMP);
INSERT INTO tasks (id, title, description, status, due_date, category_id, user_id, created_at, updated_at) VALUES (CAST('b1111111-1111-1111-1111-111111111112' AS UUID), 'Code review PR #234', 'Sprawdzić nowy feature w aplikacji', 'IN_PROGRESS', TIMESTAMP '2025-12-11 15:00:00', CAST('a1111111-1111-1111-1111-111111111111' AS UUID), CAST('11111111-1111-1111-1111-111111111111' AS UUID), CURRENT_TIMESTAMP, CURRENT_TIMESTAMP);
INSERT INTO tasks (id, title, description, status, due_date, category_id, user_id, created_at, updated_at) VALUES (CAST('b1111111-1111-1111-1111-111111111113' AS UUID), 'Aktualizacja dokumentacji', 'Dodać nowe endpointy do API docs', 'TODO', TIMESTAMP '2025-12-14 12:00:00', CAST('a1111111-1111-1111-1111-111111111111' AS UUID), CAST('11111111-1111-1111-1111-111111111111' AS UUID), CURRENT_TIMESTAMP, CURRENT_TIMESTAMP);
INSERT INTO tasks (id, title, description, status, due_date, category_id, user_id, created_at, updated_at) VALUES (CAST('b1111111-1111-1111-1111-111111111114' AS UUID), 'Naprawa buga #456', 'Problem z logowaniem użytkowników', 'DONE', TIMESTAMP '2025-12-09 09:00:00', CAST('a1111111-1111-1111-1111-111111111111' AS UUID), CAST('11111111-1111-1111-1111-111111111111' AS UUID), CURRENT_TIMESTAMP, CURRENT_TIMESTAMP);
INSERT INTO tasks (id, title, description, status, due_date, category_id, user_id, created_at, updated_at) VALUES (CAST('b1111111-1111-1111-1111-111111111115' AS UUID), 'Spotkanie zespołu', 'Daily standup o 9:00', 'DONE', TIMESTAMP '2025-12-10 09:00:00', CAST('a1111111-1111-1111-1111-111111111111' AS UUID), CAST('11111111-1111-1111-1111-111111111111' AS UUID), CURRENT_TIMESTAMP, CURRENT_TIMESTAMP);
INSERT INTO tasks (id, title, description, status, due_date, category_id, user_id, created_at, updated_at) VALUES (CAST('b1111111-1111-1111-1111-111111111116' AS UUID), 'Implementacja nowej funkcji', 'System powiadomień email', 'IN_PROGRESS', TIMESTAMP '2025-12-20 16:00:00', CAST('a1111111-1111-1111-1111-111111111111' AS UUID), CAST('11111111-1111-1111-1111-111111111111' AS UUID), CURRENT_TIMESTAMP, CURRENT_TIMESTAMP);
INSERT INTO tasks (id, title, description, status, due_date, category_id, user_id, created_at, updated_at) VALUES (CAST('b1111111-1111-1111-1111-111111111117' AS UUID), 'Napisać testy jednostkowe', 'Pokrycie dla nowego modułu', 'TODO', TIMESTAMP '2025-12-16 14:00:00', CAST('a1111111-1111-1111-1111-111111111111' AS UUID), CAST('11111111-1111-1111-1111-111111111111' AS UUID), CURRENT_TIMESTAMP, CURRENT_TIMESTAMP);
INSERT INTO tasks (id, title, description, status, due_date, category_id, user_id, created_at, updated_at) VALUES (CAST('b1111111-1111-1111-1111-111111111118' AS UUID), 'Posprzątać garaż', 'Wyrzucić stare rzeczy', 'TODO', TIMESTAMP '2025-12-13 10:00:00', CAST('a1111111-1111-1111-1111-111111111112' AS UUID), CAST('11111111-1111-1111-1111-111111111111' AS UUID), CURRENT_TIMESTAMP, CURRENT_TIMESTAMP);
INSERT INTO tasks (id, title, description, status, due_date, category_id, user_id, created_at, updated_at) VALUES (CAST('b1111111-1111-1111-1111-111111111119' AS UUID), 'Kupić farbę', 'Farba do pokoju gościnnego', 'TODO', TIMESTAMP '2025-12-12 11:00:00', CAST('a1111111-1111-1111-1111-111111111112' AS UUID), CAST('11111111-1111-1111-1111-111111111111' AS UUID), CURRENT_TIMESTAMP, CURRENT_TIMESTAMP);
INSERT INTO tasks (id, title, description, status, due_date, category_id, user_id, created_at, updated_at) VALUES (CAST('b111111a-1111-1111-1111-111111111120' AS UUID), 'Wymienić żarówki', 'W korytarzu i łazience', 'DONE', TIMESTAMP '2025-12-08 18:00:00', CAST('a1111111-1111-1111-1111-111111111112' AS UUID), CAST('11111111-1111-1111-1111-111111111111' AS UUID), CURRENT_TIMESTAMP, CURRENT_TIMESTAMP);
INSERT INTO tasks (id, title, description, status, due_date, category_id, user_id, created_at, updated_at) VALUES (CAST('b111111b-1111-1111-1111-111111111121' AS UUID), 'Naprawić kran', 'Kran w kuchni cieknie', 'IN_PROGRESS', TIMESTAMP '2025-12-11 17:00:00', CAST('a1111111-1111-1111-1111-111111111112' AS UUID), CAST('11111111-1111-1111-1111-111111111111' AS UUID), CURRENT_TIMESTAMP, CURRENT_TIMESTAMP);
INSERT INTO tasks (id, title, description, status, due_date, category_id, user_id, created_at, updated_at) VALUES (CAST('b111111c-1111-1111-1111-111111111122' AS UUID), 'Podlać rośliny', 'Wszystkie doniczki w domu', 'DONE', TIMESTAMP '2025-12-10 08:00:00', CAST('a1111111-1111-1111-1111-111111111112' AS UUID), CAST('11111111-1111-1111-1111-111111111111' AS UUID), CURRENT_TIMESTAMP, CURRENT_TIMESTAMP);
INSERT INTO tasks (id, title, description, status, due_date, category_id, user_id, created_at, updated_at) VALUES (CAST('b111111d-1111-1111-1111-111111111123' AS UUID), 'Przeczytać książkę', 'Clean Code - Robert Martin', 'IN_PROGRESS', TIMESTAMP '2025-12-25 20:00:00', CAST('a1111111-1111-1111-1111-111111111113' AS UUID), CAST('11111111-1111-1111-1111-111111111111' AS UUID), CURRENT_TIMESTAMP, CURRENT_TIMESTAMP);
INSERT INTO tasks (id, title, description, status, due_date, category_id, user_id, created_at, updated_at) VALUES (CAST('b111111e-1111-1111-1111-111111111124' AS UUID), 'Obejrzeć film', 'Nowy sezon ulubionego serialu', 'TODO', TIMESTAMP '2025-12-14 21:00:00', CAST('a1111111-1111-1111-1111-111111111113' AS UUID), CAST('11111111-1111-1111-1111-111111111111' AS UUID), CURRENT_TIMESTAMP, CURRENT_TIMESTAMP);
INSERT INTO tasks (id, title, description, status, due_date, category_id, user_id, created_at, updated_at) VALUES (CAST('b111111f-1111-1111-1111-111111111125' AS UUID), 'Nauczyć się gitary', 'Ćwiczenie akordów C, G, Am', 'IN_PROGRESS', TIMESTAMP '2025-12-18 19:00:00', CAST('a1111111-1111-1111-1111-111111111113' AS UUID), CAST('11111111-1111-1111-1111-111111111111' AS UUID), CURRENT_TIMESTAMP, CURRENT_TIMESTAMP);
INSERT INTO tasks (id, title, description, status, due_date, category_id, user_id, created_at, updated_at) VALUES (CAST('b1111120-1111-1111-1111-111111111126' AS UUID), 'Zrobić zdjęcia', 'Sesja w parku miejskim', 'TODO', TIMESTAMP '2025-12-17 14:00:00', CAST('a1111111-1111-1111-1111-111111111113' AS UUID), CAST('11111111-1111-1111-1111-111111111111' AS UUID), CURRENT_TIMESTAMP, CURRENT_TIMESTAMP);
INSERT INTO tasks (id, title, description, status, due_date, category_id, user_id, created_at, updated_at) VALUES (CAST('b1111121-1111-1111-1111-111111111127' AS UUID), 'Sprawdzić mejle', 'Odpowiedzieć na ważne wiadomości', 'DONE', TIMESTAMP '2025-12-10 07:30:00', CAST('a1111111-1111-1111-1111-111111111111' AS UUID), CAST('11111111-1111-1111-1111-111111111111' AS UUID), CURRENT_TIMESTAMP, CURRENT_TIMESTAMP);
INSERT INTO tasks (id, title, description, status, due_date, category_id, user_id, created_at, updated_at) VALUES (CAST('b1111122-1111-1111-1111-111111111128' AS UUID), 'Backup danych', 'Zrobić kopię zapasową projektu', 'TODO', TIMESTAMP '2025-12-13 16:00:00', CAST('a1111111-1111-1111-1111-111111111111' AS UUID), CAST('11111111-1111-1111-1111-111111111111' AS UUID), CURRENT_TIMESTAMP, CURRENT_TIMESTAMP);
INSERT INTO tasks (id, title, description, status, due_date, category_id, user_id, created_at, updated_at) VALUES (CAST('b1111123-1111-1111-1111-111111111129' AS UUID), 'Optymalizacja bazy danych', 'Dodać indeksy do tabel', 'TODO', TIMESTAMP '2025-12-19 11:00:00', CAST('a1111111-1111-1111-1111-111111111111' AS UUID), CAST('11111111-1111-1111-1111-111111111111' AS UUID), CURRENT_TIMESTAMP, CURRENT_TIMESTAMP);
INSERT INTO tasks (id, title, description, status, due_date, category_id, user_id, created_at, updated_at) VALUES (CAST('b1111124-1111-1111-1111-111111111130' AS UUID), 'Deployment na produkcję', 'Release v2.1.0', 'TODO', TIMESTAMP '2025-12-22 10:00:00', CAST('a1111111-1111-1111-1111-111111111111' AS UUID), CAST('11111111-1111-1111-1111-111111111111' AS UUID), CURRENT_TIMESTAMP, CURRENT_TIMESTAMP);

-- 20 tasków dla Anny Nowak
INSERT INTO tasks (id, title, description, status, due_date, category_id, user_id, created_at, updated_at) VALUES (CAST('b2222221-2222-2222-2222-222222222221' AS UUID), 'Kupić mleko', 'Mleko 2% 2 litry', 'TODO', TIMESTAMP '2025-12-11 18:00:00', CAST('a2222222-2222-2222-2222-222222222221' AS UUID), CAST('22222222-2222-2222-2222-222222222222' AS UUID), CURRENT_TIMESTAMP, CURRENT_TIMESTAMP);
INSERT INTO tasks (id, title, description, status, due_date, category_id, user_id, created_at, updated_at) VALUES (CAST('b2222222-2222-2222-2222-222222222222' AS UUID), 'Kupić chleb', 'Chleb razowy', 'TODO', TIMESTAMP '2025-12-11 18:00:00', CAST('a2222222-2222-2222-2222-222222222221' AS UUID), CAST('22222222-2222-2222-2222-222222222222' AS UUID), CURRENT_TIMESTAMP, CURRENT_TIMESTAMP);
INSERT INTO tasks (id, title, description, status, due_date, category_id, user_id, created_at, updated_at) VALUES (CAST('b2222223-2222-2222-2222-222222222223' AS UUID), 'Kupić warzywa', 'Pomidory, ogórki, papryka', 'IN_PROGRESS', TIMESTAMP '2025-12-11 18:00:00', CAST('a2222222-2222-2222-2222-222222222221' AS UUID), CAST('22222222-2222-2222-2222-222222222222' AS UUID), CURRENT_TIMESTAMP, CURRENT_TIMESTAMP);
INSERT INTO tasks (id, title, description, status, due_date, category_id, user_id, created_at, updated_at) VALUES (CAST('b2222224-2222-2222-2222-222222222224' AS UUID), 'Kupić owoce', 'Jabłka, banany, pomarańcze', 'TODO', TIMESTAMP '2025-12-11 18:00:00', CAST('a2222222-2222-2222-2222-222222222221' AS UUID), CAST('22222222-2222-2222-2222-222222222222' AS UUID), CURRENT_TIMESTAMP, CURRENT_TIMESTAMP);
INSERT INTO tasks (id, title, description, status, due_date, category_id, user_id, created_at, updated_at) VALUES (CAST('b2222225-2222-2222-2222-222222222225' AS UUID), 'Kupić środki czystości', 'Proszek do prania, płyn do mycia naczyń', 'DONE', TIMESTAMP '2025-12-09 17:00:00', CAST('a2222222-2222-2222-2222-222222222221' AS UUID), CAST('22222222-2222-2222-2222-222222222222' AS UUID), CURRENT_TIMESTAMP, CURRENT_TIMESTAMP);
INSERT INTO tasks (id, title, description, status, due_date, category_id, user_id, created_at, updated_at) VALUES (CAST('b2222226-2222-2222-2222-222222222226' AS UUID), 'Przygotować się do egzaminu', 'Egzamin z matematyki', 'IN_PROGRESS', TIMESTAMP '2025-12-15 08:00:00', CAST('a2222222-2222-2222-2222-222222222222' AS UUID), CAST('22222222-2222-2222-2222-222222222222' AS UUID), CURRENT_TIMESTAMP, CURRENT_TIMESTAMP);
INSERT INTO tasks (id, title, description, status, due_date, category_id, user_id, created_at, updated_at) VALUES (CAST('b2222227-2222-2222-2222-222222222227' AS UUID), 'Odrobić pracę domową', 'Zadania z fizyki rozdział 5', 'TODO', TIMESTAMP '2025-12-12 14:00:00', CAST('a2222222-2222-2222-2222-222222222222' AS UUID), CAST('22222222-2222-2222-2222-222222222222' AS UUID), CURRENT_TIMESTAMP, CURRENT_TIMESTAMP);
INSERT INTO tasks (id, title, description, status, due_date, category_id, user_id, created_at, updated_at) VALUES (CAST('b2222228-2222-2222-2222-222222222228' AS UUID), 'Przeczytać rozdział 8', 'Podręcznik z chemii', 'TODO', TIMESTAMP '2025-12-13 16:00:00', CAST('a2222222-2222-2222-2222-222222222222' AS UUID), CAST('22222222-2222-2222-2222-222222222222' AS UUID), CURRENT_TIMESTAMP, CURRENT_TIMESTAMP);
INSERT INTO tasks (id, title, description, status, due_date, category_id, user_id, created_at, updated_at) VALUES (CAST('b2222229-2222-2222-2222-222222222229' AS UUID), 'Napisać esej', 'Esej z języka polskiego - 2 strony', 'IN_PROGRESS', TIMESTAMP '2025-12-14 20:00:00', CAST('a2222222-2222-2222-2222-222222222222' AS UUID), CAST('22222222-2222-2222-2222-222222222222' AS UUID), CURRENT_TIMESTAMP, CURRENT_TIMESTAMP);
INSERT INTO tasks (id, title, description, status, due_date, category_id, user_id, created_at, updated_at) VALUES (CAST('b222222a-2222-2222-2222-222222222230' AS UUID), 'Zrobić projekt', 'Projekt grupowy z informatyki', 'TODO', TIMESTAMP '2025-12-18 23:59:00', CAST('a2222222-2222-2222-2222-222222222222' AS UUID), CAST('22222222-2222-2222-2222-222222222222' AS UUID), CURRENT_TIMESTAMP, CURRENT_TIMESTAMP);
INSERT INTO tasks (id, title, description, status, due_date, category_id, user_id, created_at, updated_at) VALUES (CAST('b222222b-2222-2222-2222-222222222231' AS UUID), 'Nauczyć się słówek', '50 nowych słówek po angielsku', 'DONE', TIMESTAMP '2025-12-10 12:00:00', CAST('a2222222-2222-2222-2222-222222222222' AS UUID), CAST('22222222-2222-2222-2222-222222222222' AS UUID), CURRENT_TIMESTAMP, CURRENT_TIMESTAMP);
INSERT INTO tasks (id, title, description, status, due_date, category_id, user_id, created_at, updated_at) VALUES (CAST('b222222c-2222-2222-2222-222222222232' AS UUID), 'Powtórzyć materiał', 'Powtórka z historii - daty', 'TODO', TIMESTAMP '2025-12-16 15:00:00', CAST('a2222222-2222-2222-2222-222222222222' AS UUID), CAST('22222222-2222-2222-2222-222222222222' AS UUID), CURRENT_TIMESTAMP, CURRENT_TIMESTAMP);
INSERT INTO tasks (id, title, description, status, due_date, category_id, user_id, created_at, updated_at) VALUES (CAST('b222222d-2222-2222-2222-222222222233' AS UUID), 'Bieganie', '5 km wokół parku', 'DONE', TIMESTAMP '2025-12-10 07:00:00', CAST('a2222222-2222-2222-2222-222222222223' AS UUID), CAST('22222222-2222-2222-2222-222222222222' AS UUID), CURRENT_TIMESTAMP, CURRENT_TIMESTAMP);
INSERT INTO tasks (id, title, description, status, due_date, category_id, user_id, created_at, updated_at) VALUES (CAST('b222222e-2222-2222-2222-222222222234' AS UUID), 'Trening siłowy', 'Ćwiczenia na siłowni 60 min', 'TODO', TIMESTAMP '2025-12-11 17:00:00', CAST('a2222222-2222-2222-2222-222222222223' AS UUID), CAST('22222222-2222-2222-2222-222222222222' AS UUID), CURRENT_TIMESTAMP, CURRENT_TIMESTAMP);
INSERT INTO tasks (id, title, description, status, due_date, category_id, user_id, created_at, updated_at) VALUES (CAST('b222222f-2222-2222-2222-222222222235' AS UUID), 'Joga', 'Poranna sesja jogi 30 min', 'IN_PROGRESS', TIMESTAMP '2025-12-12 06:30:00', CAST('a2222222-2222-2222-2222-222222222223' AS UUID), CAST('22222222-2222-2222-2222-222222222222' AS UUID), CURRENT_TIMESTAMP, CURRENT_TIMESTAMP);
INSERT INTO tasks (id, title, description, status, due_date, category_id, user_id, created_at, updated_at) VALUES (CAST('b2222230-2222-2222-2222-222222222236' AS UUID), 'Pływanie', 'Basen 45 minut', 'TODO', TIMESTAMP '2025-12-13 18:00:00', CAST('a2222222-2222-2222-2222-222222222223' AS UUID), CAST('22222222-2222-2222-2222-222222222222' AS UUID), CURRENT_TIMESTAMP, CURRENT_TIMESTAMP);
INSERT INTO tasks (id, title, description, status, due_date, category_id, user_id, created_at, updated_at) VALUES (CAST('b2222231-2222-2222-2222-222222222237' AS UUID), 'Jazda na rowerze', 'Wycieczka rowerowa 20 km', 'TODO', TIMESTAMP '2025-12-14 10:00:00', CAST('a2222222-2222-2222-2222-222222222223' AS UUID), CAST('22222222-2222-2222-2222-222222222222' AS UUID), CURRENT_TIMESTAMP, CURRENT_TIMESTAMP);
INSERT INTO tasks (id, title, description, status, due_date, category_id, user_id, created_at, updated_at) VALUES (CAST('b2222232-2222-2222-2222-222222222238' AS UUID), 'Rozciąganie', 'Stretching po treningu', 'DONE', TIMESTAMP '2025-12-10 19:00:00', CAST('a2222222-2222-2222-2222-222222222223' AS UUID), CAST('22222222-2222-2222-2222-222222222222' AS UUID), CURRENT_TIMESTAMP, CURRENT_TIMESTAMP);
INSERT INTO tasks (id, title, description, status, due_date, category_id, user_id, created_at, updated_at) VALUES (CAST('b2222233-2222-2222-2222-222222222239' AS UUID), 'Kupić nowe buty sportowe', 'Buty do biegania', 'TODO', TIMESTAMP '2025-12-15 13:00:00', CAST('a2222222-2222-2222-2222-222222222221' AS UUID), CAST('22222222-2222-2222-2222-222222222222' AS UUID), CURRENT_TIMESTAMP, CURRENT_TIMESTAMP);
INSERT INTO tasks (id, title, description, status, due_date, category_id, user_id, created_at, updated_at) VALUES (CAST('b2222234-2222-2222-2222-222222222240' AS UUID), 'Zapisać się na kurs', 'Kurs tańca salsa', 'IN_PROGRESS', TIMESTAMP '2025-12-17 12:00:00', CAST('a2222222-2222-2222-2222-222222222223' AS UUID), CAST('22222222-2222-2222-2222-222222222222' AS UUID), CURRENT_TIMESTAMP, CURRENT_TIMESTAMP);