-- Hasła to "password123"
INSERT INTO users (id, email, password, role) VALUES (CAST('11111111-1111-1111-1111-111111111111' AS UUID), 'jan.kowalski@example.com', '$2a$12$jAgEKttEoR3ics73N6ABVeDc8cFOQcdoK69IffWAIZGWO9Aty5KlS', 'USER');
INSERT INTO users (id, email, password, role) VALUES (CAST('22222222-2222-2222-2222-222222222222' AS UUID), 'anna.nowak@example.com', '$2a$12$jAgEKttEoR3ics73N6ABVeDc8cFOQcdoK69IffWAIZGWO9Aty5KlS', 'USER');
INSERT INTO users (id, email, password, role) VALUES (CAST('33333333-3333-3333-3333-333333333333' AS UUID), 'admin@example.com', '$2a$12$jAgEKttEoR3ics73N6ABVeDc8cFOQcdoK69IffWAIZGWO9Aty5KlS', 'ADMIN');

-- Kategorie dla Jana Kowalskiego
INSERT INTO categories (id, name, color, user_id) VALUES (CAST('a1111111-1111-1111-1111-111111111111' AS UUID), 'Praca', '#FF5733', CAST('11111111-1111-1111-1111-111111111111' AS UUID));
INSERT INTO categories (id, name, color, user_id) VALUES (CAST('a1111111-1111-1111-1111-111111111112' AS UUID), 'Dom', '#33FF57', CAST('11111111-1111-1111-1111-111111111111' AS UUID));
INSERT INTO categories (id, name, color, user_id) VALUES (CAST('a1111111-1111-1111-1111-111111111113' AS UUID), 'Hobby', '#3357FF', CAST('11111111-1111-1111-1111-111111111111' AS UUID));

-- Kategorie dla Anny Nowak
INSERT INTO categories (id, name, color, user_id) VALUES (CAST('a2222222-2222-2222-2222-222222222221' AS UUID), 'Zakupy', '#FF33A1', CAST('22222222-2222-2222-2222-222222222222' AS UUID));
INSERT INTO categories (id, name, color, user_id) VALUES (CAST('a2222222-2222-2222-2222-222222222222' AS UUID), 'Nauka', '#FFA533', CAST('22222222-2222-2222-2222-222222222222' AS UUID));
INSERT INTO categories (id, name, color, user_id) VALUES (CAST('a2222222-2222-2222-2222-222222222223' AS UUID), 'Sport', '#33FFF5', CAST('22222222-2222-2222-2222-222222222222' AS UUID));

-- 20 tasków dla Jana Kowalskiego
INSERT INTO tasks (id, title, description, status, due_date, category_id, user_id, created_at, updated_at) VALUES (CAST('b1111111-1111-1111-1111-111111111111' AS UUID), 'Przygotować prezentację', 'Prezentacja na spotkanie z klientem', 'TODO', TIMESTAMP '2025-12-15 10:00:00', CAST('a1111111-1111-1111-1111-111111111111' AS UUID), CAST('11111111-1111-1111-1111-111111111111' AS UUID), CURRENT_TIMESTAMP, CURRENT_TIMESTAMP);
INSERT INTO tasks (id, title, description, status, due_date, category_id, user_id, created_at, updated_at) VALUES (CAST('b1111111-1111-1111-1111-111111111112' AS UUID), 'Code review PR #234', 'Sprawdzić nowy feature w aplikacji', 'IN_PROGRESS', TIMESTAMP '2025-12-11 15:00:00', CAST('a1111111-1111-1111-1111-111111111111' AS UUID), CAST('11111111-1111-1111-1111-111111111111' AS UUID), CURRENT_TIMESTAMP, CURRENT_TIMESTAMP);
INSERT INTO tasks (id, title, description, status, due_date, category_id, user_id, created_at, updated_at) VALUES (CAST('b1111111-1111-1111-1111-111111111113' AS UUID), 'Aktualizacja dokumentacji', 'Dodać nowe endpointy do API docs', 'TODO', TIMESTAMP '2025-12-14 12:00:00', CAST('a1111111-1111-1111-1111-111111111111' AS UUID), CAST('11111111-1111-1111-1111-111111111111' AS UUID), CURRENT_TIMESTAMP, CURRENT_TIMESTAMP);
INSERT INTO tasks (id, title, description, status, due_date, category_id, user_id, created_at, updated_at) VALUES (CAST('b1111111-1111-1111-1111-111111111114' AS UUID), 'Naprawa buga #456', 'Problem z logowaniem użytkowników', 'DONE', TIMESTAMP '2025-12-09 09:00:00', CAST('a1111111-1111-1111-1111-111111111111' AS UUID), CAST('11111111-1111-1111-1111-111111111111' AS UUID), CURRENT_TIMESTAMP, CURRENT_TIMESTAMP);
INSERT INTO tasks (id, title, description, status, due_date, category_id, user_id, created_at, updated_at) VALUES (CAST('b1111111-1111-1111-1111-111111111115' AS UUID), 'Spotkanie zespołu', 'Daily standup o 9:00', 'DONE', TIMESTAMP '2025-12-10 09:00:00', CAST('a1111111-1111-1111-1111-111111111111' AS UUID), CAST('11111111-1111-1111-1111-111111111111' AS UUID), CURRENT_TIMESTAMP, CURRENT_TIMESTAMP);
INSERT INTO tasks (id, title, description, status, due_date, category_id, user_id, created_at, updated_at) VALUES (CAST('b1111111-1111-1111-1111-111111111116' AS UUID), 'Implementacja nowej funkcji', 'System powiadomień email', 'IN_PROGRESS', TIMESTAMP '2025-12-20 16:00:00', CAST('a1111111-1111-1111-1111-111111111111' AS UUID), CAST('11111111-1111-1111-1111-111111111111' AS UUID), CURRENT_TIMESTAMP, CURRENT_TIMESTAMP);
INSERT INTO tasks (id, title, description, status, due_date, category_id, user_id, created_at, updated_at) VALUES (CAST('b1111111-1111-1111-1111-111111111117' AS UUID), 'Napisać testy jednostkowe', 'Pokrycie dla nowego modułu', 'TODO', TIMESTAMP '2025-12-16 14:00:00', CAST('a1111111-1111-1111-1111-111111111111' AS UUID), CAST('11111111-1111-1111-1111-111111111111' AS UUID), CURRENT_TIMESTAMP, CURRENT_TIMESTAMP);
INSERT INTO tasks (id, title, description, status, due_date, category_id, user_id, created_at, updated_at) VALUES (CAST('b1111111-1111-1111-1111-111111111118' AS UUID), 'Posprzątać garaż', 'Wyrzucić stare rzeczy', 'TODO', TIMESTAMP '2025-12-13 10:00:00', CAST('a1111111-1111-1111-1111-111111111112' AS UUID), CAST('11111111-1111-1111-1111-111111111111' AS UUID), CURRENT_TIMESTAMP, CURRENT_TIMESTAMP);
INSERT INTO tasks (id, title, description, status, due_date, category_id, user_id, created_at, updated_at) VALUES (CAST('b1111111-1111-1111-1111-111111111119' AS UUID), 'Kupić farbę', 'Farba do pokoju gościnnego', 'TODO', TIMESTAMP '2025-12-12 11:00:00', CAST('a1111111-1111-1111-1111-111111111112' AS UUID), CAST('11111111-1111-1111-1111-111111111111' AS UUID), CURRENT_TIMESTAMP, CURRENT_TIMESTAMP);
INSERT INTO tasks (id, title, description, status, due_date, category_id, user_id, created_at, updated_at) VALUES (CAST('b111111a-1111-1111-1111-111111111120' AS UUID), 'Wymienić żarówki', 'W korytarzu i łazience', 'DONE', TIMESTAMP '2025-12-08 18:00:00', CAST('a1111111-1111-1111-1111-111111111112' AS UUID), CAST('11111111-1111-1111-1111-111111111111' AS UUID), CURRENT_TIMESTAMP, CURRENT_TIMESTAMP);
INSERT INTO tasks (id, title, description, status, due_date, category_id, user_id, created_at, updated_at) VALUES (CAST('b111111b-1111-1111-1111-111111111121' AS UUID), 'Naprawić kran', 'Kran w kuchni cieknie', 'IN_PROGRESS', TIMESTAMP '2025-12-11 17:00:00', CAST('a1111111-1111-1111-1111-111111111112' AS UUID), CAST('11111111-1111-1111-1111-111111111111' AS UUID), CURRENT_TIMESTAMP, CURRENT_TIMESTAMP);
INSERT INTO tasks (id, title, description, status, due_date, category_id, user_id, created_at, updated_at) VALUES (CAST('b111111c-1111-1111-1111-111111111122' AS UUID), 'Podlać rośliny', 'Wszystkie doniczki w domu', 'DONE', TIMESTAMP '2025-12-10 08:00:00', CAST('a1111111-1111-1111-1111-111111111112' AS UUID), CAST('11111111-1111-1111-1111-111111111111' AS UUID), CURRENT_TIMESTAMP, CURRENT_TIMESTAMP);
INSERT INTO tasks (id, title, description, status, due_date, category_id, user_id, created_at, updated_at) VALUES (CAST('b111111d-1111-1111-1111-111111111123' AS UUID), 'Przeczytać książkę', 'Clean Code - Robert Martin', 'IN_PROGRESS', TIMESTAMP '2025-12-25 20:00:00', CAST('a1111111-1111-1111-1111-111111111113' AS UUID), CAST('11111111-1111-1111-1111-111111111111' AS UUID), CURRENT_TIMESTAMP, CURRENT_TIMESTAMP);
INSERT INTO tasks (id, title, description, status, due_date, category_id, user_id, created_at, updated_at) VALUES (CAST('b111111e-1111-1111-1111-111111111124' AS UUID), 'Obejrzeć film', 'Nowy sezon ulubionego serialu', 'TODO', TIMESTAMP '2025-12-14 21:00:00', CAST('a1111111-1111-1111-1111-111111111113' AS UUID), CAST('11111111-1111-1111-1111-111111111111' AS UUID), CURRENT_TIMESTAMP, CURRENT_TIMESTAMP);
INSERT INTO tasks (id, title, description, status, due_date, category_id, user_id, created_at, updated_at) VALUES (CAST('b111111f-1111-1111-1111-111111111125' AS UUID), 'Nauczyć się gitary', 'Cwiczenie akordów C, G, Am', 'IN_PROGRESS', TIMESTAMP '2025-12-18 19:00:00', CAST('a1111111-1111-1111-1111-111111111113' AS UUID), CAST('11111111-1111-1111-1111-111111111111' AS UUID), CURRENT_TIMESTAMP, CURRENT_TIMESTAMP);
INSERT INTO tasks (id, title, description, status, due_date, category_id, user_id, created_at, updated_at) VALUES (CAST('b1111120-1111-1111-1111-111111111126' AS UUID), 'Zrobić zdjęcia', 'Sesja w parku miejskim', 'TODO', TIMESTAMP '2025-12-17 14:00:00', CAST('a1111111-1111-1111-1111-111111111113' AS UUID), CAST('11111111-1111-1111-1111-111111111111' AS UUID), CURRENT_TIMESTAMP, CURRENT_TIMESTAMP);
INSERT INTO tasks (id, title, description, status, due_date, category_id, user_id, created_at, updated_at) VALUES (CAST('b1111121-1111-1111-1111-111111111127' AS UUID), 'Sprawdzić mejle', 'Odpowiedzieć na ważne wiadomości', 'DONE', TIMESTAMP '2025-12-10 07:30:00', CAST('a1111111-1111-1111-1111-111111111111' AS UUID), CAST('11111111-1111-1111-1111-111111111111' AS UUID), CURRENT_TIMESTAMP, CURRENT_TIMESTAMP);
INSERT INTO tasks (id, title, description, status, due_date, category_id, user_id, created_at, updated_at) VALUES (CAST('b1111122-1111-1111-1111-111111111128' AS UUID), 'Backup danych', 'Zrobić kopię zapasową projektu', 'TODO', TIMESTAMP '2025-12-13 16:00:00', CAST('a1111111-1111-1111-1111-111111111111' AS UUID), CAST('11111111-1111-1111-1111-111111111111' AS UUID), CURRENT_TIMESTAMP, CURRENT_TIMESTAMP);
INSERT INTO tasks (id, title, description, status, due_date, category_id, user_id, created_at, updated_at) VALUES (CAST('b1111123-1111-1111-1111-111111111129' AS UUID), 'Optymalizacja bazy danych', 'Dodać indeksy do tabel', 'TODO', TIMESTAMP '2025-12-19 11:00:00', CAST('a1111111-1111-1111-1111-111111111111' AS UUID), CAST('11111111-1111-1111-1111-111111111111' AS UUID), CURRENT_TIMESTAMP, CURRENT_TIMESTAMP);
INSERT INTO tasks (id, title, description, status, due_date, category_id, user_id, created_at, updated_at) VALUES (CAST('b1111124-1111-1111-1111-111111111130' AS UUID), 'Deployment na produkcję', 'Release v2.1.0', 'TODO', TIMESTAMP '2025-12-22 10:00:00', CAST('a1111111-1111-1111-1111-111111111111' AS UUID), CAST('11111111-1111-1111-1111-111111111111' AS UUID), CURRENT_TIMESTAMP, CURRENT_TIMESTAMP);
INSERT INTO tasks (id, title, description, status, due_date, category_id, user_id, created_at, updated_at) VALUES (CAST('b1111125-1111-1111-1111-111111111131' AS UUID), 'Przygotować ofertę', 'Przygotować ofertę dla nowego klienta', 'TODO', TIMESTAMP '2025-12-21 10:00:00', CAST('a1111111-1111-1111-1111-111111111111' AS UUID), CAST('11111111-1111-1111-1111-111111111111' AS UUID), CURRENT_TIMESTAMP, CURRENT_TIMESTAMP);
INSERT INTO tasks (id, title, description, status, due_date, category_id, user_id, created_at, updated_at) VALUES (CAST('b1111126-1111-1111-1111-111111111132' AS UUID), 'Zaktualizować roadmapę', 'Doprecyzować kamienie milowe na Q1', 'IN_PROGRESS', TIMESTAMP '2026-01-05 09:00:00', CAST('a1111111-1111-1111-1111-111111111111' AS UUID), CAST('11111111-1111-1111-1111-111111111111' AS UUID), CURRENT_TIMESTAMP, CURRENT_TIMESTAMP);
INSERT INTO tasks (id, title, description, status, due_date, category_id, user_id, created_at, updated_at) VALUES (CAST('b1111127-1111-1111-1111-111111111133' AS UUID), 'Wysłać faktury', 'Wysłać faktury za listopad', 'TODO', TIMESTAMP '2025-12-20 12:00:00', CAST('a1111111-1111-1111-1111-111111111111' AS UUID), CAST('11111111-1111-1111-1111-111111111111' AS UUID), CURRENT_TIMESTAMP, CURRENT_TIMESTAMP);
INSERT INTO tasks (id, title, description, status, due_date, category_id, user_id, created_at, updated_at) VALUES (CAST('b1111128-1111-1111-1111-111111111134' AS UUID), 'Spotkanie z dostawcą', 'Omówić warunki umowy', 'TODO', TIMESTAMP '2025-12-18 14:30:00', CAST('a1111111-1111-1111-1111-111111111111' AS UUID), CAST('11111111-1111-1111-1111-111111111111' AS UUID), CURRENT_TIMESTAMP, CURRENT_TIMESTAMP);
INSERT INTO tasks (id, title, description, status, due_date, category_id, user_id, created_at, updated_at) VALUES (CAST('b1111129-1111-1111-1111-111111111135' AS UUID), 'Zaktualizować CV', 'Dodać nowe projekty', 'TODO', TIMESTAMP '2026-01-10 18:00:00', CAST('a1111111-1111-1111-1111-111111111113' AS UUID), CAST('11111111-1111-1111-1111-111111111111' AS UUID), CURRENT_TIMESTAMP, CURRENT_TIMESTAMP);

INSERT INTO tasks (id, title, description, status, due_date, category_id, user_id, created_at, updated_at) VALUES (CAST('b1111130-1111-1111-1111-111111111136' AS UUID), 'Porządkowanie repo', 'Usunąć stare branchy', 'IN_PROGRESS', TIMESTAMP '2025-12-23 11:00:00', CAST('a1111111-1111-1111-1111-111111111113' AS UUID), CAST('11111111-1111-1111-1111-111111111111' AS UUID), CURRENT_TIMESTAMP, CURRENT_TIMESTAMP);
INSERT INTO tasks (id, title, description, status, due_date, category_id, user_id, created_at, updated_at) VALUES (CAST('b1111131-1111-1111-1111-111111111137' AS UUID), 'Przygotować release notes', 'Spisać zmiany do wersji 2.1.1', 'TODO', TIMESTAMP '2026-01-02 09:30:00', CAST('a1111111-1111-1111-1111-111111111111' AS UUID), CAST('11111111-1111-1111-1111-111111111111' AS UUID), CURRENT_TIMESTAMP, CURRENT_TIMESTAMP);
INSERT INTO tasks (id, title, description, status, due_date, category_id, user_id, created_at, updated_at) VALUES (CAST('b1111132-1111-1111-1111-111111111138' AS UUID), 'Przygotować demo', 'Demo nowej funkcjonalności dla klienta', 'IN_PROGRESS', TIMESTAMP '2026-01-07 15:00:00', CAST('a1111111-1111-1111-1111-111111111111' AS UUID), CAST('11111111-1111-1111-1111-111111111111' AS UUID), CURRENT_TIMESTAMP, CURRENT_TIMESTAMP);
INSERT INTO tasks (id, title, description, status, due_date, category_id, user_id, created_at, updated_at) VALUES (CAST('b1111133-1111-1111-1111-111111111139' AS UUID), 'Zamówić sprzęt', 'Nowy laptop do testów', 'TODO', TIMESTAMP '2025-12-28 13:00:00', CAST('a1111111-1111-1111-1111-111111111111' AS UUID), CAST('11111111-1111-1111-1111-111111111111' AS UUID), CURRENT_TIMESTAMP, CURRENT_TIMESTAMP);
INSERT INTO tasks (id, title, description, status, due_date, category_id, user_id, created_at, updated_at) VALUES (CAST('b1111134-1111-1111-1111-111111111140' AS UUID), 'Przygotować quiz', 'Quiz dla onboardingu nowych pracowników', 'TODO', TIMESTAMP '2026-01-15 10:00:00', CAST('a1111111-1111-1111-1111-111111111113' AS UUID), CAST('11111111-1111-1111-1111-111111111111' AS UUID), CURRENT_TIMESTAMP, CURRENT_TIMESTAMP);

INSERT INTO tasks (id, title, description, status, due_date, category_id, user_id, created_at, updated_at) VALUES (CAST('b1111135-1111-1111-1111-111111111141' AS UUID), 'Sprawdzić logi produkcyjne', 'Przeanalizować błędy z dzisiaj', 'IN_PROGRESS', TIMESTAMP '2025-12-16 08:00:00', CAST('a1111111-1111-1111-1111-111111111111' AS UUID), CAST('11111111-1111-1111-1111-111111111111' AS UUID), CURRENT_TIMESTAMP, CURRENT_TIMESTAMP);
INSERT INTO tasks (id, title, description, status, due_date, category_id, user_id, created_at, updated_at) VALUES (CAST('b1111136-1111-1111-1111-111111111142' AS UUID), 'Zaktualizować środowiska', 'Dodać nową konfigurację do dev', 'TODO', TIMESTAMP '2026-01-20 09:00:00', CAST('a1111111-1111-1111-1111-111111111111' AS UUID), CAST('11111111-1111-1111-1111-111111111111' AS UUID), CURRENT_TIMESTAMP, CURRENT_TIMESTAMP);
INSERT INTO tasks (id, title, description, status, due_date, category_id, user_id, created_at, updated_at) VALUES (CAST('b1111137-1111-1111-1111-111111111143' AS UUID), 'Przygotować newsletter', 'Miesięczny newsletter dla użytkowników', 'TODO', TIMESTAMP '2025-12-30 08:00:00', CAST('a1111111-1111-1111-1111-111111111113' AS UUID), CAST('11111111-1111-1111-1111-111111111111' AS UUID), CURRENT_TIMESTAMP, CURRENT_TIMESTAMP);
INSERT INTO tasks (id, title, description, status, due_date, category_id, user_id, created_at, updated_at) VALUES (CAST('b1111138-1111-1111-1111-111111111144' AS UUID), 'Przeprowadzić szkolenie', 'Szkolenie z bezpieczeństwa', 'TODO', TIMESTAMP '2026-01-12 14:00:00', CAST('a1111111-1111-1111-1111-111111111111' AS UUID), CAST('11111111-1111-1111-1111-111111111111' AS UUID), CURRENT_TIMESTAMP, CURRENT_TIMESTAMP);
INSERT INTO tasks (id, title, description, status, due_date, category_id, user_id, created_at, updated_at) VALUES (CAST('b1111139-1111-1111-1111-111111111145' AS UUID), 'Utworzyć backup', 'Backup bazy danych przed migracją', 'TODO', TIMESTAMP '2026-01-03 22:00:00', CAST('a1111111-1111-1111-1111-111111111111' AS UUID), CAST('11111111-1111-1111-1111-111111111111' AS UUID), CURRENT_TIMESTAMP, CURRENT_TIMESTAMP);

INSERT INTO tasks (id, title, description, status, due_date, category_id, user_id, created_at, updated_at) VALUES (CAST('b1111140-1111-1111-1111-111111111146' AS UUID), 'Poprawić UI', 'Drobne poprawki w widoku listy zadań', 'IN_PROGRESS', TIMESTAMP '2025-12-24 16:00:00', CAST('a1111111-1111-1111-1111-111111111113' AS UUID), CAST('11111111-1111-1111-1111-111111111111' AS UUID), CURRENT_TIMESTAMP, CURRENT_TIMESTAMP);
INSERT INTO tasks (id, title, description, status, due_date, category_id, user_id, created_at, updated_at) VALUES (CAST('b1111141-1111-1111-1111-111111111147' AS UUID), 'Analiza wymagań', 'Spotkanie w celu zebrania wymagań', 'TODO', TIMESTAMP '2025-12-19 11:30:00', CAST('a1111111-1111-1111-1111-111111111111' AS UUID), CAST('11111111-1111-1111-1111-111111111111' AS UUID), CURRENT_TIMESTAMP, CURRENT_TIMESTAMP);
INSERT INTO tasks (id, title, description, status, due_date, category_id, user_id, created_at, updated_at) VALUES (CAST('b1111142-1111-1111-1111-111111111148' AS UUID), 'Zaktualizować zależności', 'Uaktualnić biblioteki do nowszych wersji', 'TODO', TIMESTAMP '2026-01-08 10:00:00', CAST('a1111111-1111-1111-1111-111111111113' AS UUID), CAST('11111111-1111-1111-1111-111111111111' AS UUID), CURRENT_TIMESTAMP, CURRENT_TIMESTAMP);
INSERT INTO tasks (id, title, description, status, due_date, category_id, user_id, created_at, updated_at) VALUES (CAST('b1111143-1111-1111-1111-111111111149' AS UUID), 'Zdefiniować KPI', 'Określić metryki dla zespołu', 'TODO', TIMESTAMP '2026-01-25 09:00:00', CAST('a1111111-1111-1111-1111-111111111111' AS UUID), CAST('11111111-1111-1111-1111-111111111111' AS UUID), CURRENT_TIMESTAMP, CURRENT_TIMESTAMP);
INSERT INTO tasks (id, title, description, status, due_date, category_id, user_id, created_at, updated_at) VALUES (CAST('b1111144-1111-1111-1111-111111111150' AS UUID), 'Optymalizacja API', 'Zmniejszyć czas odpowiedzi endpointów', 'IN_PROGRESS', TIMESTAMP '2026-02-01 09:00:00', CAST('a1111111-1111-1111-1111-111111111111' AS UUID), CAST('11111111-1111-1111-1111-111111111111' AS UUID), CURRENT_TIMESTAMP, CURRENT_TIMESTAMP);

INSERT INTO tasks (id, title, description, status, due_date, category_id, user_id, created_at, updated_at) VALUES (CAST('b1111145-1111-1111-1111-111111111151' AS UUID), 'Zaprojektować landing', 'Prototyp nowego landing page', 'TODO', TIMESTAMP '2026-01-18 13:00:00', CAST('a1111111-1111-1111-1111-111111111113' AS UUID), CAST('11111111-1111-1111-1111-111111111111' AS UUID), CURRENT_TIMESTAMP, CURRENT_TIMESTAMP);
INSERT INTO tasks (id, title, description, status, due_date, category_id, user_id, created_at, updated_at) VALUES (CAST('b1111146-1111-1111-1111-111111111152' AS UUID), 'Utworzyć test e2e', 'Automatyczny test scenariusza logowania', 'TODO', TIMESTAMP '2026-01-22 17:00:00', CAST('a1111111-1111-1111-1111-111111111113' AS UUID), CAST('11111111-1111-1111-1111-111111111111' AS UUID), CURRENT_TIMESTAMP, CURRENT_TIMESTAMP);
INSERT INTO tasks (id, title, description, status, due_date, category_id, user_id, created_at, updated_at) VALUES (CAST('b1111147-1111-1111-1111-111111111153' AS UUID), 'Przygotować promocję', 'Plan promocji na media społecznościowe', 'TODO', TIMESTAMP '2026-02-05 09:00:00', CAST('a1111111-1111-1111-1111-111111111111' AS UUID), CAST('11111111-1111-1111-1111-111111111111' AS UUID), CURRENT_TIMESTAMP, CURRENT_TIMESTAMP);
INSERT INTO tasks (id, title, description, status, due_date, category_id, user_id, created_at, updated_at) VALUES (CAST('b1111148-1111-1111-1111-111111111154' AS UUID), 'Uzupełnić dokumenty HR', 'Dane nowego pracownika', 'TODO', TIMESTAMP '2025-12-27 09:00:00', CAST('a1111111-1111-1111-1111-111111111111' AS UUID), CAST('11111111-1111-1111-1111-111111111111' AS UUID), CURRENT_TIMESTAMP, CURRENT_TIMESTAMP);
INSERT INTO tasks (id, title, description, status, due_date, category_id, user_id, created_at, updated_at) VALUES (CAST('b1111149-1111-1111-1111-111111111155' AS UUID), 'Wyczyścić cache', 'Usunąć stare cache z serwera testowego', 'DONE', TIMESTAMP '2025-12-05 02:00:00', CAST('a1111111-1111-1111-1111-111111111111' AS UUID), CAST('11111111-1111-1111-1111-111111111111' AS UUID), CURRENT_TIMESTAMP, CURRENT_TIMESTAMP);

INSERT INTO tasks (id, title, description, status, due_date, category_id, user_id, created_at, updated_at) VALUES (CAST('b1111150-1111-1111-1111-111111111156' AS UUID), 'Ustawić monitoring', 'Konfiguracja Prometheus dla aplikacji', 'IN_PROGRESS', TIMESTAMP '2026-01-28 10:00:00', CAST('a1111111-1111-1111-1111-111111111111' AS UUID), CAST('11111111-1111-1111-1111-111111111111' AS UUID), CURRENT_TIMESTAMP, CURRENT_TIMESTAMP);
INSERT INTO tasks (id, title, description, status, due_date, category_id, user_id, created_at, updated_at) VALUES (CAST('b1111151-1111-1111-1111-111111111157' AS UUID), 'Zwinąć środowisko', 'Zamknąć tymczasowe środowisko testowe', 'TODO', TIMESTAMP '2026-02-02 12:00:00', CAST('a1111111-1111-1111-1111-111111111111' AS UUID), CAST('11111111-1111-1111-1111-111111111111' AS UUID), CURRENT_TIMESTAMP, CURRENT_TIMESTAMP);
INSERT INTO tasks (id, title, description, status, due_date, category_id, user_id, created_at, updated_at) VALUES (CAST('b1111152-1111-1111-1111-111111111158' AS UUID), 'Ustawić harmonogram', 'Zarządzanie cyklem sprintów', 'TODO', TIMESTAMP '2026-02-10 09:00:00', CAST('a1111111-1111-1111-1111-111111111111' AS UUID), CAST('11111111-1111-1111-1111-111111111111' AS UUID), CURRENT_TIMESTAMP, CURRENT_TIMESTAMP);
INSERT INTO tasks (id, title, description, status, due_date, category_id, user_id, created_at, updated_at) VALUES (CAST('b1111153-1111-1111-1111-111111111159' AS UUID), 'Przejrzeć pull requesty', 'Sprawdzić oczekujące PRy przed końcem tygodnia', 'TODO', TIMESTAMP '2025-12-19 17:00:00', CAST('a1111111-1111-1111-1111-111111111111' AS UUID), CAST('11111111-1111-1111-1111-111111111111' AS UUID), CURRENT_TIMESTAMP, CURRENT_TIMESTAMP);
INSERT INTO tasks (id, title, description, status, due_date, category_id, user_id, created_at, updated_at) VALUES (CAST('b1111154-1111-1111-1111-111111111160' AS UUID), 'Zrobić refaktoring', 'Refactor modułu raportów', 'IN_PROGRESS', TIMESTAMP '2026-01-29 10:00:00', CAST('a1111111-1111-1111-1111-111111111113' AS UUID), CAST('11111111-1111-1111-1111-111111111111' AS UUID), CURRENT_TIMESTAMP, CURRENT_TIMESTAMP);

INSERT INTO tasks (id, title, description, status, due_date, category_id, user_id, created_at, updated_at) VALUES (CAST('b1111155-1111-1111-1111-111111111161' AS UUID), 'Przygotować backup skrypt', 'Automatyczny skrypt backupu', 'TODO', TIMESTAMP '2026-02-03 03:00:00', CAST('a1111111-1111-1111-1111-111111111111' AS UUID), CAST('11111111-1111-1111-1111-111111111111' AS UUID), CURRENT_TIMESTAMP, CURRENT_TIMESTAMP);
INSERT INTO tasks (id, title, description, status, due_date, category_id, user_id, created_at, updated_at) VALUES (CAST('b1111156-1111-1111-1111-111111111162' AS UUID), 'Zoptymalizować zapytania', 'Poprawić najwolniejsze zapytania SQL', 'IN_PROGRESS', TIMESTAMP '2026-01-14 11:00:00', CAST('a1111111-1111-1111-1111-111111111111' AS UUID), CAST('11111111-1111-1111-1111-111111111111' AS UUID), CURRENT_TIMESTAMP, CURRENT_TIMESTAMP);
INSERT INTO tasks (id, title, description, status, due_date, category_id, user_id, created_at, updated_at) VALUES (CAST('b1111157-1111-1111-1111-111111111163' AS UUID), 'Utworzyć dokument API', 'Szczegóły endpointów do publicznego API', 'TODO', TIMESTAMP '2026-02-07 09:00:00', CAST('a1111111-1111-1111-1111-111111111111' AS UUID), CAST('11111111-1111-1111-1111-111111111111' AS UUID), CURRENT_TIMESTAMP, CURRENT_TIMESTAMP);
INSERT INTO tasks (id, title, description, status, due_date, category_id, user_id, created_at, updated_at) VALUES (CAST('b1111158-1111-1111-1111-111111111164' AS UUID), 'Sprawdzić koszty', 'Analiza kosztów bieżących projektu', 'TODO', TIMESTAMP '2026-01-06 16:00:00', CAST('a1111111-1111-1111-1111-111111111111' AS UUID), CAST('11111111-1111-1111-1111-111111111111' AS UUID), CURRENT_TIMESTAMP, CURRENT_TIMESTAMP);
INSERT INTO tasks (id, title, description, status, due_date, category_id, user_id, created_at, updated_at) VALUES (CAST('b1111159-1111-1111-1111-111111111165' AS UUID), 'Zainstalować SSL', 'Wdrożyć certyfikat na serwerze', 'DONE', TIMESTAMP '2025-12-06 08:00:00', CAST('a1111111-1111-1111-1111-111111111111' AS UUID), CAST('11111111-1111-1111-1111-111111111111' AS UUID), CURRENT_TIMESTAMP, CURRENT_TIMESTAMP);

INSERT INTO tasks (id, title, description, status, due_date, category_id, user_id, created_at, updated_at) VALUES (CAST('b1111160-1111-1111-1111-111111111166' AS UUID), 'Przygotować checklistę', 'Lista kroków do wdrożenia', 'TODO', TIMESTAMP '2026-02-11 09:00:00', CAST('a1111111-1111-1111-1111-111111111111' AS UUID), CAST('11111111-1111-1111-1111-111111111111' AS UUID), CURRENT_TIMESTAMP, CURRENT_TIMESTAMP);
INSERT INTO tasks (id, title, description, status, due_date, category_id, user_id, created_at, updated_at) VALUES (CAST('b1111161-1111-1111-1111-111111111167' AS UUID), 'Zaktualizować readme', 'Dodać instrukcję uruchomienia', 'TODO', TIMESTAMP '2025-12-29 12:00:00', CAST('a1111111-1111-1111-1111-111111111113' AS UUID), CAST('11111111-1111-1111-1111-111111111111' AS UUID), CURRENT_TIMESTAMP, CURRENT_TIMESTAMP);
INSERT INTO tasks (id, title, description, status, due_date, category_id, user_id, created_at, updated_at) VALUES (CAST('b1111162-1111-1111-1111-111111111168' AS UUID), 'Rozwiązać ticket #789', 'Błąd w module powiadomień', 'IN_PROGRESS', TIMESTAMP '2025-12-17 10:00:00', CAST('a1111111-1111-1111-1111-111111111111' AS UUID), CAST('11111111-1111-1111-1111-111111111111' AS UUID), CURRENT_TIMESTAMP, CURRENT_TIMESTAMP);
INSERT INTO tasks (id, title, description, status, due_date, category_id, user_id, created_at, updated_at) VALUES (CAST('b1111163-1111-1111-1111-111111111169' AS UUID), 'Zrobić migrację danych', 'Przeprowadzić migrację do nowej struktury', 'TODO', TIMESTAMP '2026-02-14 22:00:00', CAST('a1111111-1111-1111-1111-111111111111' AS UUID), CAST('11111111-1111-1111-1111-111111111111' AS UUID), CURRENT_TIMESTAMP, CURRENT_TIMESTAMP);
INSERT INTO tasks (id, title, description, status, due_date, category_id, user_id, created_at, updated_at) VALUES (CAST('b1111164-1111-1111-1111-111111111170' AS UUID), 'Zoptymalizować obrazy', 'Zmniejszyć rozmiar obrazów w assets', 'TODO', TIMESTAMP '2026-01-16 09:00:00', CAST('a1111111-1111-1111-1111-111111111113' AS UUID), CAST('11111111-1111-1111-1111-111111111111' AS UUID), CURRENT_TIMESTAMP, CURRENT_TIMESTAMP);

INSERT INTO tasks (id, title, description, status, due_date, category_id, user_id, created_at, updated_at) VALUES (CAST('b1111165-1111-1111-1111-111111111171' AS UUID), 'Ustawić linting', 'Konfiguracja formattera i lintów', 'DONE', TIMESTAMP '2025-12-04 10:00:00', CAST('a1111111-1111-1111-1111-111111111113' AS UUID), CAST('11111111-1111-1111-1111-111111111111' AS UUID), CURRENT_TIMESTAMP, CURRENT_TIMESTAMP);
INSERT INTO tasks (id, title, description, status, due_date, category_id, user_id, created_at, updated_at) VALUES (CAST('b1111166-1111-1111-1111-111111111172' AS UUID), 'Zorganizować retro', 'Spotkanie retrospektywy sprintu', 'TODO', TIMESTAMP '2026-01-11 16:00:00', CAST('a1111111-1111-1111-1111-111111111111' AS UUID), CAST('11111111-1111-1111-1111-111111111111' AS UUID), CURRENT_TIMESTAMP, CURRENT_TIMESTAMP);
INSERT INTO tasks (id, title, description, status, due_date, category_id, user_id, created_at, updated_at) VALUES (CAST('b1111167-1111-1111-1111-111111111173' AS UUID), 'Poprawić logowanie', 'Dodać więcej informacji do logów', 'IN_PROGRESS', TIMESTAMP '2026-01-04 08:30:00', CAST('a1111111-1111-1111-1111-111111111111' AS UUID), CAST('11111111-1111-1111-1111-111111111111' AS UUID), CURRENT_TIMESTAMP, CURRENT_TIMESTAMP);
INSERT INTO tasks (id, title, description, status, due_date, category_id, user_id, created_at, updated_at) VALUES (CAST('b1111168-1111-1111-1111-111111111174' AS UUID), 'Uaktualnić licencje', 'Sprawdzić licencje używanych bibliotek', 'TODO', TIMESTAMP '2026-02-15 12:00:00', CAST('a1111111-1111-1111-1111-111111111111' AS UUID), CAST('11111111-1111-1111-1111-111111111111' AS UUID), CURRENT_TIMESTAMP, CURRENT_TIMESTAMP);
INSERT INTO tasks (id, title, description, status, due_date, category_id, user_id, created_at, updated_at) VALUES (CAST('b1111169-1111-1111-1111-111111111175' AS UUID), 'Przygotować demo wideo', 'Krótki filmik pokazujący funkcje', 'TODO', TIMESTAMP '2026-01-21 10:00:00', CAST('a1111111-1111-1111-1111-111111111113' AS UUID), CAST('11111111-1111-1111-1111-111111111111' AS UUID), CURRENT_TIMESTAMP, CURRENT_TIMESTAMP);

INSERT INTO tasks (id, title, description, status, due_date, category_id, user_id, created_at, updated_at) VALUES (CAST('b1111170-1111-1111-1111-111111111176' AS UUID), 'Sprawdzić integracje', 'Testy integracyjne z zewnętrznym API', 'IN_PROGRESS', TIMESTAMP '2026-02-06 14:00:00', CAST('a1111111-1111-1111-1111-111111111111' AS UUID), CAST('11111111-1111-1111-1111-111111111111' AS UUID), CURRENT_TIMESTAMP, CURRENT_TIMESTAMP);
INSERT INTO tasks (id, title, description, status, due_date, category_id, user_id, created_at, updated_at) VALUES (CAST('b1111171-1111-1111-1111-111111111177' AS UUID), 'Przygotować raport', 'Miesięczny raport aktywności', 'TODO', TIMESTAMP '2026-01-31 09:00:00', CAST('a1111111-1111-1111-1111-111111111111' AS UUID), CAST('11111111-1111-1111-1111-111111111111' AS UUID), CURRENT_TIMESTAMP, CURRENT_TIMESTAMP);
INSERT INTO tasks (id, title, description, status, due_date, category_id, user_id, created_at, updated_at) VALUES (CAST('b1111172-1111-1111-1111-111111111178' AS UUID), 'Utworzyć szablon', 'Szablon e-mail do klientów', 'TODO', TIMESTAMP '2026-01-09 10:00:00', CAST('a1111111-1111-1111-1111-111111111113' AS UUID), CAST('11111111-1111-1111-1111-111111111111' AS UUID), CURRENT_TIMESTAMP, CURRENT_TIMESTAMP);
INSERT INTO tasks (id, title, description, status, due_date, category_id, user_id, created_at, updated_at) VALUES (CAST('b1111173-1111-1111-1111-111111111179' AS UUID), 'Przeprowadzić audit', 'Bezpieczeństwo aplikacji - wstępny audit', 'TODO', TIMESTAMP '2026-02-20 11:00:00', CAST('a1111111-1111-1111-1111-111111111111' AS UUID), CAST('11111111-1111-1111-1111-111111111111' AS UUID), CURRENT_TIMESTAMP, CURRENT_TIMESTAMP);
INSERT INTO tasks (id, title, description, status, due_date, category_id, user_id, created_at, updated_at) VALUES (CAST('b1111174-1111-1111-1111-111111111180' AS UUID), 'Przygotować ankietę', 'Ankieta satysfakcji użytkowników', 'TODO', TIMESTAMP '2026-02-12 08:00:00', CAST('a1111111-1111-1111-1111-111111111113' AS UUID), CAST('11111111-1111-1111-1111-111111111111' AS UUID), CURRENT_TIMESTAMP, CURRENT_TIMESTAMP);

-- 20 tasków dla Anny Nowak
INSERT INTO tasks (id, title, description, status, due_date, category_id, user_id, created_at, updated_at) VALUES (CAST('b2222221-2222-2222-2222-222222222221' AS UUID), 'Kupić mleko', 'Mleko 2% 2 litry', 'TODO', TIMESTAMP '2025-12-11 18:00:00', CAST('a2222222-2222-2222-2222-222222222221' AS UUID), CAST('22222222-2222-2222-2222-222222222222' AS UUID), CURRENT_TIMESTAMP, CURRENT_TIMESTAMP);
INSERT INTO tasks (id, title, description, status, due_date, category_id, user_id, created_at, updated_at) VALUES (CAST('b2222222-2222-2222-2222-222222222222' AS UUID), 'Kupić chleb', 'Chleb razowy', 'TODO', TIMESTAMP '2025-12-11 18:00:00', CAST('a2222222-2222-2222-2222-222222222221' AS UUID), CAST('22222222-2222-2222-2222-222222222222' AS UUID), CURRENT_TIMESTAMP, CURRENT_TIMESTAMP);
INSERT INTO tasks (id, title, description, status, due_date, category_id, user_id, created_at, updated_at) VALUES (CAST('b2222223-2222-2222-2222-222222222223' AS UUID), 'Kupić warzywa', 'Pomidory, ogórki, papryka', 'IN_PROGRESS', TIMESTAMP '2025-12-11 18:00:00', CAST('a2222222-2222-2222-2222-222222222221' AS UUID), CAST('22222222-2222-2222-2222-222222222222' AS UUID), CURRENT_TIMESTAMP, CURRENT_TIMESTAMP);
INSERT INTO tasks (id, title, description, status, due_date, category_id, user_id, created_at, updated_at) VALUES (CAST('b2222224-2222-2222-2222-222222222224' AS UUID), 'Kupić owoce', 'Jabłka, banany, pomarańcze', 'TODO', TIMESTAMP '2025-12-11 18:00:00', CAST('a2222222-2222-2222-2222-222222222221' AS UUID), CAST('22222222-2222-2222-2222-222222222222' AS UUID), CURRENT_TIMESTAMP, CURRENT_TIMESTAMP);
INSERT INTO tasks (id, title, description, status, due_date, category_id, user_id, created_at, updated_at) VALUES (CAST('b2222225-2222-2222-2222-222222222225' AS UUID), 'Kupić środki czystości', 'Proszek do prania, płyn do mycia naczyń', 'DONE', TIMESTAMP '2025-12-09 17:00:00', CAST('a2222222-2222-2222-2222-222222222221' AS UUID), CAST('22222222-2222-2222-2222-222222222222' AS UUID), CURRENT_TIMESTAMP, CURRENT_TIMESTAMP);
INSERT INTO tasks (id, title, description, status, due_date, category_id, user_id, created_at, updated_at) VALUES (CAST('b2222226-2222-2222-2222-222222222226' AS UUID), 'Przygotować się do egzaminu', 'Egzamin z matematyki', 'IN_PROGRESS', TIMESTAMP '2025-12-15 08:00:00', CAST('a2222222-2222-2222-2222-222222222222' AS UUID), CAST('22222222-2222-2222-2222-222222222222' AS UUID), CURRENT_TIMESTAMP, CURRENT_TIMESTAMP);
INSERT INTO tasks (id, title, description, status, due_date, category_id, user_id, created_at, updated_at) VALUES (CAST('b2222227-2222-2222-2222-222222222227' AS UUID), 'Odrobić pracę domową', 'Zadania z fizyki rozdział 5', 'TODO', TIMESTAMP '2025-12-12 14:00:00', CAST('a2222222-2222-2222-2222-222222222222' AS UUID), CAST('22222222-2222-2222-2222-222222222222' AS UUID), CURRENT_TIMESTAMP, CURRENT_TIMESTAMP);
INSERT INTO tasks (id, title, description, status, due_date, category_id, user_id, created_at, updated_at) VALUES (CAST('b2222228-2222-2222-2222-222222222228' AS UUID), 'Przeczytać rozdział 8', 'Podręcznik z chemii', 'TODO', TIMESTAMP '2025-12-13 16:00:00', CAST('a2222222-2222-2222-2222-222222222222' AS UUID), CAST('22222222-2222-2222-2222-222222222222' AS UUID), CURRENT_TIMESTAMP, CURRENT_TIMESTAMP);
INSERT INTO tasks (id, title, description, status, due_date, category_id, user_id, created_at, updated_at) VALUES (CAST('b2222229-2222-2222-2222-222222222229' AS UUID), 'Napisać esej', 'Esej z języka polskiego - 2 strony', 'IN_PROGRESS', TIMESTAMP '2025-12-14 20:00:00', CAST('a2222222-2222-2222-2222-222222222222' AS UUID), CAST('22222222-2222-2222-2222-222222222222' AS UUID), CURRENT_TIMESTAMP, CURRENT_TIMESTAMP);
INSERT INTO tasks (id, title, description, status, due_date, category_id, user_id, created_at, updated_at) VALUES (CAST('b222222a-2222-2222-2222-222222222230' AS UUID), 'Zrobić projekt', 'Projekt grupowy z informatyki', 'TODO', TIMESTAMP '2025-12-18 23:59:00', CAST('a2222222-2222-2222-2222-222222222222' AS UUID), CAST('22222222-2222-2222-2222-222222222222' AS UUID), CURRENT_TIMESTAMP, CURRENT_TIMESTAMP);
INSERT INTO tasks (id, title, description, status, due_date, category_id, user_id, created_at, updated_at) VALUES (CAST('b222222b-2222-2222-2222-222222222231' AS UUID), 'Nauczyć się słówek', '50 nowych słówek po angielsku', 'DONE', TIMESTAMP '2025-12-10 12:00:00', CAST('a2222222-2222-2222-2222-222222222222' AS UUID), CAST('22222222-2222-2222-2222-222222222222' AS UUID), CURRENT_TIMESTAMP, CURRENT_TIMESTAMP);
INSERT INTO tasks (id, title, description, status, due_date, category_id, user_id, created_at, updated_at) VALUES (CAST('b222222c-2222-2222-2222-222222222232' AS UUID), 'Powtórzyć materiał', 'Powtórka z historii - daty', 'TODO', TIMESTAMP '2025-12-16 15:00:00', CAST('a2222222-2222-2222-2222-222222222222' AS UUID), CAST('22222222-2222-2222-2222-222222222222' AS UUID), CURRENT_TIMESTAMP, CURRENT_TIMESTAMP);
INSERT INTO tasks (id, title, description, status, due_date, category_id, user_id, created_at, updated_at) VALUES (CAST('b222222d-2222-2222-2222-222222222233' AS UUID), 'Bieganie', '5 km wokół parku', 'DONE', TIMESTAMP '2025-12-10 07:00:00', CAST('a2222222-2222-2222-2222-222222222223' AS UUID), CAST('22222222-2222-2222-2222-222222222222' AS UUID), CURRENT_TIMESTAMP, CURRENT_TIMESTAMP);
INSERT INTO tasks (id, title, description, status, due_date, category_id, user_id, created_at, updated_at) VALUES (CAST('b222222e-2222-2222-2222-222222222234' AS UUID), 'Trening siłowy', 'Cwiczenia na siłowni 60 min', 'TODO', TIMESTAMP '2025-12-11 17:00:00', CAST('a2222222-2222-2222-2222-222222222223' AS UUID), CAST('22222222-2222-2222-2222-222222222222' AS UUID), CURRENT_TIMESTAMP, CURRENT_TIMESTAMP);
INSERT INTO tasks (id, title, description, status, due_date, category_id, user_id, created_at, updated_at) VALUES (CAST('b222222f-2222-2222-2222-222222222235' AS UUID), 'Joga', 'Poranna sesja jogi 30 min', 'IN_PROGRESS', TIMESTAMP '2025-12-12 06:30:00', CAST('a2222222-2222-2222-2222-222222222223' AS UUID), CAST('22222222-2222-2222-2222-222222222222' AS UUID), CURRENT_TIMESTAMP, CURRENT_TIMESTAMP);
INSERT INTO tasks (id, title, description, status, due_date, category_id, user_id, created_at, updated_at) VALUES (CAST('b2222230-2222-2222-2222-222222222236' AS UUID), 'Pływanie', 'Basen 45 minut', 'TODO', TIMESTAMP '2025-12-13 18:00:00', CAST('a2222222-2222-2222-2222-222222222223' AS UUID), CAST('22222222-2222-2222-2222-222222222222' AS UUID), CURRENT_TIMESTAMP, CURRENT_TIMESTAMP);
INSERT INTO tasks (id, title, description, status, due_date, category_id, user_id, created_at, updated_at) VALUES (CAST('b2222231-2222-2222-2222-222222222237' AS UUID), 'Jazda na rowerze', 'Wycieczka rowerowa 20 km', 'TODO', TIMESTAMP '2025-12-14 10:00:00', CAST('a2222222-2222-2222-2222-222222222223' AS UUID), CAST('22222222-2222-2222-2222-222222222222' AS UUID), CURRENT_TIMESTAMP, CURRENT_TIMESTAMP);
INSERT INTO tasks (id, title, description, status, due_date, category_id, user_id, created_at, updated_at) VALUES (CAST('b2222232-2222-2222-2222-222222222238' AS UUID), 'Rozciąganie', 'Stretching po treningu', 'DONE', TIMESTAMP '2025-12-10 19:00:00', CAST('a2222222-2222-2222-2222-222222222223' AS UUID), CAST('22222222-2222-2222-2222-222222222222' AS UUID), CURRENT_TIMESTAMP, CURRENT_TIMESTAMP);
INSERT INTO tasks (id, title, description, status, due_date, category_id, user_id, created_at, updated_at) VALUES (CAST('b2222233-2222-2222-2222-222222222239' AS UUID), 'Kupić nowe buty sportowe', 'Buty do biegania', 'TODO', TIMESTAMP '2025-12-15 13:00:00', CAST('a2222222-2222-2222-2222-222222222221' AS UUID), CAST('22222222-2222-2222-2222-222222222222' AS UUID), CURRENT_TIMESTAMP, CURRENT_TIMESTAMP);
INSERT INTO tasks (id, title, description, status, due_date, category_id, user_id, created_at, updated_at) VALUES (CAST('b2222234-2222-2222-2222-222222222240' AS UUID), 'Zapisać się na kurs', 'Kurs tańca salsa', 'IN_PROGRESS', TIMESTAMP '2025-12-17 12:00:00', CAST('a2222222-2222-2222-2222-222222222223' AS UUID), CAST('22222222-2222-2222-2222-222222222222' AS UUID), CURRENT_TIMESTAMP, CURRENT_TIMESTAMP);